Abrines Alex, Acy Quincy, Adams Jaylen, Adams Steven, Adebayo Bam, Adel Deng, Akoon-Purcell DeVaughn, Aldridge LaMarcus, Alkins Rawle, Allen Grayson, Allen Jarrett, Allen Kadeem, Aminu Al-Farouq, Anderson Justin, Anderson Kyle, Anderson Ryan, Anigbogu Ike, Antetokounmpo Giannis, Antetokounmpo Kostas, Anthony Carmelo, Anunoby OG, Arcidiacono Ryan, Ariza Trevor, Augustin D.J., Ayton Deandre, Bacon Dwayne, Bagley III Marvin, Baker Ron, Baldwin IV Wade, Ball Lonzo, Bamba Mo, Barea J.J., Barnes Harrison, Barton Will, Bates-Diop Keita, Batum Nicolas, Bayless Jerryd, Baynes Aron, Bazemore Kent, Beal Bradley, Beasley Malik, Beasley Michael, Belinelli Marco, Bell Jordan, Bembry DeAndre, Bender Dragan, Bertans Dairis, Bertans Davis, Beverley Patrick, Birch Khem, Biyombo Bismack, Bjelica Nemanja, Blakeney Antonio, Bledsoe Eric, Blossomgame Jaron, Bluiett Trevon, Bogdanovic Bogdan, Bogdanovic Bojan, Bogut Andrew, Bolden Jonah, Bonga Isaac, Booker Devin, Boucher Chris, Bradley Avery, Bradley Tony, Brewer Corey, Bridges Mikal, Bridges Miles, Briscoe Isaiah, Broekhoff Ryan, Brogdon Malcolm, Brooks Dillon, Brooks MarShon, Brown Bruce, Brown Jaylen, Brown Lorenzo, Brown Sterling, Brown Jr. Troy, Brunson Jalen, Bryant Thomas, Bullock Reggie, Burke Trey, Burks Alec, Burton Deonte, Butler Jimmy, Caboclo Bruno, Calderon Jose, Caldwell-Pope Kentavious, Canaan Isaiah, Capela Clint, Carroll DeMarre, Carter Jevon, Carter Vince, Carter Jr. Wendell, Carter-Williams Michael, Caruso Alex, Casspi Omri, Cauley-Stein Willie, Caupain Troy, Cavanaugh Tyler, Chandler Tyson, Chandler Wilson, Chealey Joe, Chiozza Chris, Chriss Marquese, Clark Gary, Clark Ian, Clarkson Jordan, Collins John, Collins Zach, Collison Darren, Colson Bonzie, Conley Mike, Connaughton Pat, Cook Quinn, Cousins DeMarcus, Covington Robert, Crabbe Allen, Craig Torrey, Crawford Jamal, Creek Mitchell, Crowder Jae, Cunningham Dante, Curry Seth, Curry Stephen, Daniels Troy, Davis Anthony, Davis Deyonta, Davis Ed, Davis Tyler, DeRozan DeMar, Dedmon Dewayne, Dekker Sam, Delgado Angel, Dellavedova Matthew, Deng Luol, Derrickson Marcus, DiVincenzo Donte, Diallo Cheick, Diallo Hamidou, Dieng Gorgui, Dinwiddie Spencer, Doncic Luka, Dorsey Tyler, Dotson Damyean, Dozier PJ, Dragic Goran, Drummond Andre, Dudley Jared, Dunn Kris, Durant Kevin, Duval Trevon, Edwards Vincent, Ellenson Henry, Ellington Wayne, Embiid Joel, Ennis III James, Eubanks Drew, Evans Jacob, Evans Jawun, Evans Tyreke, Exum Dante, Faried Kenneth, Favors Derrick, Felicio Cristiano, Felton Raymond, Ferguson Terrance, Ferrell Yogi, Finney-Smith Dorian, Forbes Bryn, Fournier Evan, Fox DeAaron, Frazier Michael, Frazier Tim, Frazier Jr. Melvin, Fredette Jimmer, Frye Channing, Fultz Markelle, Gabriel Wenyen, Gallinari Danilo, Galloway Langston, Garrett Billy, Gasol Marc, Gasol Pau, Gay Rudy, George Paul, Gibson Jonathan, Gibson Taj, Giles III Harry, Gilgeous-Alexander Shai, Gobert Rudy, Goodwin Brandon, Gordon Aaron, Gordon Eric, Gortat Marcin, Graham Devonte, Graham Treveon, Grant Jerami, Grant Jerian, Grantham Donte, Green Danny, Green Draymond, Green Gerald, Green JaMychal, Green Jeff, Griffin Blake, Hamilton Daniel, Hannahs Dusty, Hardaway Jr. Tim, Harden James, Harkless Maurice, Harrell Montrezl, Harris Devin, Harris Gary, Harris Joe, Harris Tobias, Harrison Andrew, Harrison Shaquille, Hart Josh, Hartenstein Isaiah, Haslem Udonis, Hayward Gordon, Henson John, Hernangomez Juancho, Hernangomez Willy, Hezonja Mario, Hicks Isaiah, Hield Buddy, Highsmith Haywood, Hill George, Hill Solomon, Holiday Aaron, Holiday Jrue, Holiday Justin, Holland John, Hollis-Jefferson Rondae, Holmes Richaun, Hood Rodney, Horford Al, House Jr. Danuel, Howard Dwight, Huerter Kevin, Humphries Isaac, Hunter RJ, Hutchison Chandler, Ibaka Serge, Iguodala Andre, Ilyasova Ersan, Ingles Joe, Ingram Andre, Ingram Brandon, Irving Kyrie, Isaac Jonathan, Iwundu Wes, Jackson Demetrius, Jackson Frank, Jackson Josh, Jackson Justin, Jackson Reggie, Jackson Jr. Jaren, James LeBron, Jefferson Amile, Jenkins John, Jerebko Jonas, Johnson Alize, Johnson Amir, Johnson BJ, Johnson James, Johnson Stanley, Johnson Tyler, Johnson Wesley, Jokic Nikola, Jones Damian, Jones Jalen, Jones Jemerrio, Jones Terrence, Jones Tyus, Jones Jr. Derrick, Jordan DeAndre, Joseph Cory, Kaminsky Frank, Kanter Enes, Kennard Luke, Kidd-Gilchrist Michael, King George, Kleber Maxi, Knight Brandon, Knox Kevin, Korkmaz Furkan, Kornet Luke, Korver Kyle, Koufos Kosta, Kurucs Rodions, Kuzma Kyle, LaVine Zach, Labissiere Skal, Lamb Jeremy, Layman Jake, LeVert Caris, Leaf TJ, Lee Courtney, Lee Damion, Lemon Jr. Walter, Len Alex, Leonard Kawhi, Leonard Meyers, Leuer Jon, Lillard Damian, Lin Jeremy, Livingston Shaun, Lofton Zach, Looney Kevon, Lopez Brook, Lopez Robin, Love Kevin, Lowry Kyle, Loyd Jordan, Lucas Kalin, Luwawu-Cabarrot Timothe, Lydon Tyler, Lyles Trey, Machado Scott, Mack Shelvin, Macon Daryl, Macura J.P., Mahinmi Ian, Maker Thon, Marjanovic Boban, Markkanen Lauri, Martin Jarell, Mason Frank, Maten Yante, Matthews Wesley, Mbah a Moute Luc, McCall Tahjere, McCaw Patrick, McCollum CJ, McConnell T.J., McDermott Doug, McGee JaVale, McGruder Rodney, McKinnie Alfonzo, McLemore Ben, McRae Jordan, Meeks Jodie, Mejri Salah, Melton DeAnthony, Metu Chimezie, Middleton Khris, Miles CJ, Miller Darius, Miller Malcolm, Mills Patty, Millsap Paul, Milton Shake, Mirotic Nikola, Mitchell Donovan, Mitrou-Long Naz, Monk Malik, Monroe Greg, Moore Ben, Moore ETwaun, Moreland Eric, Morris Jaylen, Morris Marcus, Morris Markieff, Morris Monte, Motiejunas Donatas, Motley Johnathan, Mozgov Timofey, Mudiay Emmanuel, Murray Dejounte, Murray Jamal, Musa Dzanan, Muscala Mike, Mykhailiuk Svi, Nene, Nader Abdel, Nance Jr. Larry, Napier Shabazz, Neto Raul, Niang Georges, Noah Joakim, Noel Nerlens, Nowitzki Dirk, Ntilikina Frank, Nunn Kendrick, Nunnally James, Nurkic Jusuf, Nwaba David, ONeale Royce, OQuinn Kyle, Ojeleye Semi, Okafor Jahlil, Okobo Elie, Okogie Josh, Oladipo Victor, Olynyk Kelly, Osman Cedi, Oubre Jr. Kelly, Pachulia Zaza, Parker Jabari, Parker Tony, Parsons Chandler, Patterson Patrick, Patton Justin, Paul Chris, Payne Cameron, Payton Elfrid, Payton II Gary, Phillip Tarik, Pinson Theo, Plumlee Mason, Plumlee Miles, Poeltl Jakob, Pondexter Quincy, Porter Jr. Michael, Porter Jr. Otto, Portis Bobby, Porzingis Kristaps, Powell Dwight, Powell Norman, Poythress Alex, Prince Taurean, Rabb Ivan, Randle Chasson, Randle Julius, Redick JJ, Reed Davon, Reynolds Cameron, Richardson Josh, Richardson Malachi, Rivers Austin, Roberson Andre, Robinson Devin, Robinson Duncan, Robinson Jerome, Robinson Mitchell, Robinson III Glenn, Rondo Rajon, Rose Derrick, Ross Terrence, Rozier Terry, Rubio Ricky, Russell DAngelo, Sabonis Domantas, Sampson Brandon, Sampson JaKarr, Saric Dario, Satoransky Tomas, Schroder Dennis, Scott Mike, Sefolosha Thabo, Selden Wayne, Sexton Collin, Shamet Landry, Shumpert Iman, Siakam Pascal, Sibert Jordan, Simmons Ben, Simmons Jonathon, Simmons Kobi, Simons Anfernee, Smart Marcus, Smith Ish, Smith JR, Smith Jason, Smith Zhaire, Smith Jr. Dennis, Snell Tony, Spalding Ray, Spellman Omari, Stauskas Nik, Stephens DJ, Stephenson Lance, Sumner Edmond, Swanigan Caleb, Tatum Jayson, Teague Jeff, Temple Garrett, Teodosic Milos, Terrell Jared, Terry Emanuel, Theis Daniel, Thomas Isaiah, Thomas Khyri, Thomas Lance, Thompson Klay, Thompson Tristan, Thornwell Sindarius, Tolliver Anthony, Towns Karl-Anthony, Trent Jr. Gary, Trier Allonzo, Tucker PJ, Turner Evan, Turner Myles, Udoh Ekpe, Ulis Tyler, Valanciunas Jonas, Valentine Denzel, VanVleet Fred, Vanderbilt Jarred, Vonleh Noah, Vucevic Nikola, Wade Dwyane, Wagner Moritz, Waiters Dion, Walker Kemba, Walker IV Lonnie, Wall John, Wallace Tyrone, Wanamaker Brad, Warren T.J., Washburn Julian, Watanabe Yuta, Welsh Thomas, Westbrook Russell, White Derrick, White Okaro, Whitehead Isaiah, Whiteside Hassan, Wiggins Andrew, Williams Alan, Williams C.J., Williams Johnathan, Williams Kenrich, Williams Lou, Williams Marvin, Williams Troy, Williams III Robert, Wilson D.J., Winslow Justise, Wood Christian, Wright Delon, Yabusele Guerschon, Young Nick, Young Thaddeus, Young Trae, Zhou Qi, Zeller Cody, Zeller Tyler, Zizic Ante, Zubac Ivica
